{"cameraMode":{"drawMode":0,"name":"Shaded","section":"Shading Mode"},"sceneLighting":false,"audioPlay":false,"sceneViewState":{"m_AlwaysRefresh":false,"showFog":true,"showSkybox":false,"showFlares":true,"showImageEffects":true,"showParticleSystems":true,"showVisualEffectGraphs":true,"m_FxEnabled":true},"in2DMode":false,"pivot":{"x":0.00029522180557250977,"y":-0.09218299388885498,"z":-0.40414929389953616},"rotation":{"x":0.06955315172672272,"y":-0.9215468168258667,"z":0.19528499245643617,"w":0.3283730149269104},"size":0.5789394974708557,"orthographic":false}