{"cameraMode":{"drawMode":0,"name":"Shaded","section":"Shading Mode"},"sceneLighting":false,"audioPlay":false,"sceneViewState":{"m_AlwaysRefresh":false,"showFog":true,"showSkybox":false,"showFlares":true,"showImageEffects":true,"showParticleSystems":true,"showVisualEffectGraphs":true,"m_FxEnabled":true},"in2DMode":false,"pivot":{"x":-0.0023245811462402345,"y":0.8291540145874023,"z":0.5850200653076172},"rotation":{"x":0.2842117249965668,"y":-0.16716504096984864,"z":0.05043097957968712,"w":0.9427554607391357},"size":2.0898475646972658,"orthographic":false}